Keyword,Search Volume,Keyword Difficulty,Category,Source
corner sofa,90500,29,corner-sofas,sofology
sofa bed,165000,58,sofa-beds,sofology
2 seater sofa,27100,30,2-seater,sofology
armchair,33100,19,armchairs,sofology
3 seater sofa,22200,23,3-seater,sofology
l shape sofa,22200,40,l-shape-sofas,sofology
u shaped sofa,18100,14,general-sofas,sofology
leather sofa,18100,20,leather-sofas,sofology
small corner sofa,18100,28,corner-sofas,sofology
chesterfield sofa,18100,26,chesterfield,sofology
modular sofa,18100,28,general-sofas,sofology
corner sofa bed,33100,32,corner-sofas,sofology
recliner chair,27100,22,recliner-sofas,sofology
recliner sofa,14800,22,recliner-sofas,sofology
double sofa bed,12100,32,sofa-beds,furniturevillage
2 seater sofa bed,12100,18,sofa-beds,sofology
small sofa,12100,20,small-sofas,dfs
sofa 3+3 seater,12100,18,3-seater,sofology
cheap sofas,12100,48,general-sofas,sofology
u shape sofa,9900,16,general-sofas,sofology
two seater sofa,9900,22,2-seater,sofology
leather corner sofa,8100,23,corner-sofas,sofology
2 seater sofas,8100,32,2-seater,sofology
grey corner sofa,6600,16,corner-sofas,sofology
reclining couch 2 seater,5400,20,2-seater,sofology
small 2 seater sofa,5400,28,2-seater,sofology
2 seater recliner sofa,5400,9,recliner-sofas,dfs
right hand corner sofa,5400,31,corner-sofas,sofology
corner sofa bed with storage,5400,20,corner-sofas,furniturevillage
left hand corner sofa,4400,26,corner-sofas,sofology
cheap corner settees,4400,25,corner-sofas,sofology
beige corner sofa,4400,18,corner-sofas,furniturevillage
cream corner sofa,4400,15,corner-sofas,sofology
settee two seater,4400,24,2-seater,sofology
brown leather sofa,4400,17,leather-sofas,sofology
three seater sofa,3600,22,3-seater,sofology
3 and 2 seater sofa,3600,22,2-seater,sofology
small two seater settees,3600,28,2-seater,sofology
cheap corner sofas,3600,22,corner-sofas,sofology
tan leather sofa,3600,13,leather-sofas,sofology
chesterfield sofas,3600,27,chesterfield,sofology
2 seater leather sofa,3600,13,2-seater,sofology
sofa 3 + 2 seater set,3600,26,2-seater,dfs
fabric sofas,2900,23,fabric-sofas,sofology
black leather sofa,2900,16,leather-sofas,sofology
3 seater and two seater sofas,2900,22,3-seater,sofology
3 seater leather sofa,2900,16,3-seater,sofology
small two seater sofa,2900,20,2-seater,sofology
sofas 3 and a 2 seater,2900,20,2-seater,sofology
leather chesterfield sofa,2900,23,chesterfield,sofology
high back sofa,2400,11,general-sofas,sofology
3 seater sofas,2400,20,3-seater,sofology
2 3 seater sofa set,1900,24,3-seater,dfs
3 seater and 2 seater sofa,1900,22,3-seater,dfs
2 and 3 seater sofa set,1900,19,3-seater,dfs
two seater leather sofa,1900,16,2-seater,sofology
grey 2 seater sofa,1900,14,2-seater,sofology
grey 3 seater sofa,1300,16,3-seater,sofology
small 3 seater sofa,1300,23,3-seater,sofology
grey chesterfield sofa,1300,14,chesterfield,sofology
velvet chesterfield sofa,1000,10,chesterfield,sofology
3+2 sofa set sale,1000,13,3+2-sets,dfs
grey fabric sofa,1000,15,fabric-sofas,sofology
jumbo cord fabric sofa,720,12,fabric-sofas,dfs
chenille fabric sofa,720,13,fabric-sofas,sofology
3+2 sofa sets uk,210,17,3+2-sets,dfs
scatter back sofa,480,11,general-sofas,dfs
how to clean fabric sofa,1300,13,fabric-sofas,sofology
how to clean leather couch,8100,20,leather-sofas,sofology
sofas that come apart for small doorways,720,22,small-sofas,sofology
